mes,trm_promedio,trm_minima,trm_maxima,trm_apertura,trm_cierre,dias,variacion_pct
1991-12-01,629.98,620.62,643.42,643.42,632.37,30,
1992-01-01,644.06,632.37,659.74,632.37,644.27,31,1.88
1992-02-01,635.67,633.03,640.52,640.52,636.54,29,-1.2
1992-03-01,640.5,635.86,647.24,636.54,641.59,31,0.79
1992-04-01,649.96,641.98,657.97,641.98,653.83,30,1.91
1992-05-01,659.77,653.10,664.50,653.58,664.37,31,1.61
1992-06-01,677.17,664.30,701.83,664.37,697.57,30,5.0
1992-07-01,704.77,693.40,720.47,695.36,705.14,31,1.09
1992-08-01,694.17,689.21,702.52,702.52,691.68,31,-1.91
1992-09-01,697.5,691.90,704.80,691.90,702.81,30,1.61
1992-10-01,707.8,699.70,717.37,699.70,716.88,31,2.0
1992-11-01,722.57,716.88,730.11,716.88,725.45,30,1.2
1992-12-01,733.83,725.75,738.19,729.42,737.98,31,1.73
1993-01-01,745.18,737.55,750.06,737.98,746.05,31,1.09
1993-02-01,749.73,745.27,759.20,746.05,758.03,28,1.61
1993-03-01,764.7,757.89,767.99,758.03,766.41,31,1.11
1993-04-01,771.47,766.44,775.32,766.44,774.94,30,1.11
1993-05-01,779.45,773.82,783.15,773.82,779.56,31,0.6
1993-06-01,784.49,777.82,787.49,779.00,787.12,30,0.97
1993-07-01,795.0,786.10,801.35,786.10,801.35,31,1.81
1993-08-01,804.64,801.15,807.77,801.35,806.86,31,0.69
1993-09-01,809.69,806.83,811.93,806.83,810.84,30,0.49
1993-10-01,814.48,811.19,819.55,811.31,817.03,31,0.76
1993-11-01,813.94,809.87,817.06,817.03,811.73,30,-0.65
1993-12-01,803.28,797.53,812.21,812.21,804.33,31,-0.91
1994-01-01,815.74,804.33,821.72,804.33,818.38,31,1.75
1994-02-01,817.59,814.13,820.76,817.00,819.70,28,0.16
1994-03-01,819.8,817.76,821.82,820.12,819.51,31,-0.02
1994-04-01,829.35,819.51,838.28,819.51,836.86,30,2.12
1994-05-01,841.41,836.86,843.24,836.86,841.12,31,0.51
1994-06-01,831.16,818.73,842.00,841.93,819.64,30,-2.55
1994-07-01,818.86,815.62,823.12,818.05,815.62,31,-0.49
1994-08-01,814.67,811.91,817.40,815.62,816.30,31,0.08
1994-09-01,829.76,816.08,842.70,816.08,842.00,30,3.15
1994-10-01,839.05,834.83,844.40,843.00,838.55,31,-0.41
1994-11-01,829.52,825.17,837.79,837.62,829.03,30,-1.14
1994-12-01,829.44,824.68,831.91,829.29,831.27,31,0.27
1995-01-01,846.32,831.27,859.30,831.27,856.41,31,3.02
1995-02-01,850.52,845.37,857.16,857.16,856.99,28,0.07
1995-03-01,865.42,857.85,880.23,857.85,880.23,31,2.71
1995-04-01,872.99,866.25,878.20,878.18,877.90,30,-0.26
1995-05-01,876.76,869.95,882.97,877.90,876.36,31,-0.18
1995-06-01,874.52,871.02,881.23,876.62,881.23,30,0.56
1995-07-01,892.32,880.49,897.77,880.49,897.63,31,1.86
1995-08-01,935.66,898.35,972.03,898.35,960.19,31,6.97
1995-09-01,963.37,948.23,981.09,949.35,966.78,30,0.69
1995-10-01,985.1,966.78,995.01,966.78,994.50,31,2.87
1995-11-01,1000.43,996.76,1003.47,996.76,998.16,30,0.37
1995-12-01,987.12,974.04,998.15,998.15,987.65,31,-1.05
1996-01-01,1010.22,987.65,1028.14,987.65,1028.14,31,4.1
1996-02-01,1029.09,1021.29,1039.81,1026.30,1039.81,29,1.14
1996-03-01,1044.97,1039.90,1049.22,1039.90,1046.00,31,0.6
1996-04-01,1050.7,1042.20,1058.90,1046.00,1058.90,30,1.23
1996-05-01,1065.77,1061.10,1073.06,1061.55,1073.06,31,1.34
1996-06-01,1071.61,1068.20,1074.72,1072.59,1069.11,30,-0.37
1996-07-01,1063.97,1056.74,1070.55,1069.11,1056.74,31,-1.16
1996-08-01,1045.03,1029.46,1057.47,1057.47,1042.32,31,-1.36
1996-09-01,1040.12,1025.06,1051.64,1042.32,1025.06,30,-1.66
1996-10-01,1015.46,1005.83,1030.54,1027.08,1005.83,31,-1.88
1996-11-01,998.66,994.02,1006.36,1000.14,1002.28,30,-0.35
1996-12-01,1001.61,995.73,1005.40,1002.28,1005.33,31,0.3
1997-01-01,1024.3,1005.33,1070.97,1005.33,1070.97,31,6.53
1997-02-01,1072.95,1064.00,1084.09,1064.00,1080.51,28,0.89
1997-03-01,1062.01,1054.05,1077.07,1077.07,1059.88,31,-1.91
1997-04-01,1060.25,1051.43,1066.77,1060.93,1063.11,30,0.3
1997-05-01,1074.53,1064.01,1080.48,1064.01,1077.09,31,1.32
1997-06-01,1082.21,1076.18,1090.58,1077.09,1089.01,30,1.11
1997-07-01,1102.51,1089.01,1110.32,1089.01,1109.65,31,1.9
1997-08-01,1133.6,1112.53,1172.28,1112.53,1172.28,31,5.64
1997-09-01,1222.83,1169.38,1251.88,1172.28,1246.27,30,6.31
1997-10-01,1262.67,1242.16,1289.84,1244.63,1281.20,31,2.8
1997-11-01,1294.56,1281.18,1305.66,1284.65,1305.66,30,1.91
1997-12-01,1295.57,1281.60,1307.54,1305.66,1293.58,31,-0.93
1998-01-01,1321.43,1293.58,1342.00,1293.58,1342.00,31,3.74
1998-02-01,1346.29,1334.72,1350.97,1342.00,1343.85,28,0.14
1998-03-01,1357.12,1343.85,1365.66,1343.85,1358.03,31,1.06
1998-04-01,1359.93,1354.15,1371.35,1360.26,1365.72,30,0.57
1998-05-01,1385.36,1364.07,1397.12,1364.07,1397.07,31,2.3
1998-06-01,1384.5,1363.04,1399.56,1397.07,1363.04,30,-2.44
1998-07-01,1371.69,1345.65,1381.54,1369.88,1370.65,31,0.56
1998-08-01,1390.71,1359.22,1440.87,1372.14,1440.87,31,5.12
1998-09-01,1523.48,1441.86,1561.28,1441.86,1556.15,30,8.0
1998-10-01,1588.01,1556.52,1599.15,1556.52,1575.08,31,1.22
1998-11-01,1562.17,1539.38,1583.29,1575.08,1547.11,30,-1.78
1998-12-01,1520.48,1467.04,1552.48,1545.88,1542.11,31,-0.32
1999-01-01,1567.97,1528.28,1596.59,1542.11,1582.90,31,2.65
1999-02-01,1566.85,1550.88,1582.90,1582.90,1568.30,28,-0.92
1999-03-01,1549.2,1525.59,1568.30,1568.30,1533.51,31,-2.22
1999-04-01,1570.63,1532.48,1604.44,1533.32,1604.44,30,4.63
1999-05-01,1642.18,1603.97,1685.33,1611.48,1671.67,31,4.19
1999-06-01,1691.61,1653.96,1751.00,1663.55,1732.10,30,3.61
1999-07-01,1814.65,1736.03,1926.55,1736.03,1809.50,31,4.47
1999-08-01,1879.0,1800.79,1954.72,1809.50,1954.72,31,8.03
1999-09-01,1975.96,1934.46,2017.27,1941.25,2017.27,30,3.2
1999-10-01,1978.55,1946.00,2015.15,2015.15,1971.59,31,-2.26
1999-11-01,1945.43,1912.86,1971.59,1971.59,1923.77,30,-2.43
1999-12-01,1887.47,1867.02,1922.47,1922.47,1873.77,31,-2.6
2000-01-01,1921.89,1873.77,1976.72,1873.77,1976.72,31,5.49
2000-02-01,1949.87,1941.54,1973.36,1973.36,1946.17,29,-1.55
2000-03-01,1956.31,1948.05,1965.63,1948.05,1951.56,31,0.28
2000-04-01,1987.95,1958.12,2004.47,1958.12,2004.47,30,2.71
2000-05-01,2055.53,2001.62,2142.14,2004.47,2084.92,31,4.01
2000-06-01,2119.75,2095.10,2139.11,2096.96,2139.11,30,2.6
2000-07-01,2160.24,2144.01,2182.56,2150.76,2172.79,31,1.57
2000-08-01,2187.27,2173.62,2208.82,2174.55,2208.21,31,1.63
2000-09-01,2214.14,2204.85,2232.24,2212.97,2212.26,30,0.18
2000-10-01,2176.57,2152.31,2212.26,2212.26,2158.36,31,-2.44
2000-11-01,2135.29,2121.64,2172.84,2147.89,2172.84,30,0.67
2000-12-01,2187.34,2168.60,2229.18,2168.60,2229.18,31,2.59
2001-01-01,2242.31,2219.60,2255.82,2229.18,2240.80,31,0.52
2001-02-01,2243.59,2229.59,2257.70,2242.08,2257.45,28,0.74
2001-03-01,2279.4,2259.07,2310.57,2259.64,2310.57,31,2.35
2001-04-01,2323.19,2304.19,2346.73,2310.57,2346.73,30,1.56
2001-05-01,2348.0,2295.23,2378.41,2341.09,2324.98,31,-0.93
2001-06-01,2304.78,2296.31,2327.25,2327.25,2298.85,30,-1.12
2001-07-01,2304.42,2298.27,2323.99,2298.85,2298.27,31,-0.03
2001-08-01,2288.0,2273.50,2301.23,2293.25,2301.23,31,0.13
2001-09-01,2327.74,2296.85,2342.44,2296.85,2332.19,30,1.35
2001-10-01,2320.0,2300.01,2338.45,2332.19,2310.02,31,-0.95
2001-11-01,2310.34,2300.69,2319.34,2309.12,2308.59,30,-0.06
2001-12-01,2306.13,2291.18,2318.67,2303.35,2291.18,31,-0.75
2002-01-01,2276.97,2231.98,2311.57,2291.18,2264.82,31,-1.15
2002-02-01,2285.96,2254.98,2313.13,2265.99,2309.82,28,1.99
2002-03-01,2280.25,2261.23,2306.45,2306.45,2261.23,31,-2.1
2002-04-01,2263.6,2254.45,2275.35,2261.23,2275.35,30,0.62
2002-05-01,2308.6,2275.43,2363.28,2275.43,2321.16,31,2.01
2002-06-01,2361.14,2321.68,2398.82,2321.68,2398.82,30,3.35
2002-07-01,2506.29,2398.82,2625.06,2398.82,2625.06,31,9.43
2002-08-01,2645.8,2568.80,2712.46,2636.30,2703.55,31,2.99
2002-09-01,2755.75,2677.39,2828.08,2703.55,2828.08,30,4.61
2002-10-01,2830.11,2744.32,2888.23,2850.65,2773.73,31,-1.92
2002-11-01,2731.33,2666.41,2784.21,2778.60,2784.21,30,0.38
2002-12-01,2814.19,2782.40,2864.79,2784.21,2864.79,31,2.89
2003-01-01,2905.5,2841.56,2965.60,2864.79,2926.46,31,2.15
2003-02-01,2950.54,2929.64,2968.88,2940.26,2956.31,28,1.02
2003-03-01,2958.64,2954.62,2962.76,2957.87,2958.25,31,0.07
2003-04-01,2925.66,2887.82,2958.56,2958.15,2887.82,30,-2.38
2003-05-01,2856.17,2813.60,2912.46,2868.43,2853.33,31,-1.19
2003-06-01,2827.41,2806.96,2853.33,2853.33,2817.32,30,-1.26
2003-07-01,2859.2,2812.40,2888.57,2817.32,2880.40,31,2.24
2003-08-01,2865.23,2832.94,2901.09,2879.60,2832.94,31,-1.65
2003-09-01,2840.68,2816.74,2889.39,2832.94,2889.39,30,1.99
2003-10-01,2873.95,2857.88,2907.41,2888.21,2884.17,31,-0.18
2003-11-01,2846.54,2826.60,2878.05,2878.05,2836.05,30,-1.67
2003-12-01,2806.55,2778.21,2836.05,2836.05,2778.21,31,-2.04
2004-01-01,2750.82,2721.56,2778.92,2778.21,2742.47,31,-1.29
2004-02-01,2718.25,2651.94,2757.14,2742.47,2682.34,29,-2.19
2004-03-01,2670.92,2648.97,2685.17,2682.34,2678.16,31,-0.16
2004-04-01,2641.57,2612.30,2682.09,2682.09,2646.99,30,-1.16
2004-05-01,2719.52,2655.18,2766.83,2655.18,2724.92,31,2.94
2004-06-01,2716.46,2695.02,2736.39,2724.92,2699.58,30,-0.93
2004-07-01,2651.13,2612.44,2694.09,2694.09,2612.44,31,-3.23
2004-08-01,2599.37,2551.43,2614.97,2612.44,2551.43,31,-2.34
2004-09-01,2553.42,2518.30,2602.20,2536.51,2595.17,30,1.71
2004-10-01,2580.24,2549.10,2630.81,2608.30,2575.19,31,-0.77
2004-11-01,2530.16,2479.10,2575.19,2575.19,2479.10,30,-3.73
2004-12-01,2413.29,2316.12,2481.93,2479.18,2389.75,31,-3.6
2005-01-01,2364.52,2315.45,2389.75,2389.75,2367.76,31,-0.92
2005-02-01,2339.62,2308.58,2365.79,2363.75,2323.77,28,-1.86
2005-03-01,2356.81,2324.89,2397.25,2327.98,2376.48,31,2.27
2005-04-01,2351.02,2328.74,2374.47,2363.23,2348.32,30,-1.18
2005-05-01,2339.35,2328.69,2349.59,2348.32,2332.79,31,-0.66
2005-06-01,2331.44,2314.89,2361.41,2338.89,2331.81,30,-0.04
2005-07-01,2322.79,2308.49,2338.86,2324.22,2308.49,31,-1.0
2005-08-01,2306.77,2299.75,2313.52,2308.49,2304.30,31,-0.18
2005-09-01,2295.47,2279.95,2306.71,2302.78,2289.61,30,-0.64
2005-10-01,2292.72,2283.96,2303.01,2288.22,2289.57,31,-0.0
2005-11-01,2279.74,2273.08,2287.51,2287.51,2274.04,30,-0.68
2005-12-01,2278.54,2272.95,2286.83,2274.71,2284.22,31,0.45
2006-01-01,2273.71,2262.04,2284.22,2284.22,2265.65,31,-0.81
2006-02-01,2255.77,2246.18,2267.63,2267.63,2247.32,28,-0.81
2006-03-01,2261.92,2245.71,2289.98,2245.71,2289.98,31,1.9
2006-04-01,2335.14,2288.67,2375.66,2293.38,2375.03,30,3.71
2006-05-01,2418.65,2329.35,2518.34,2375.03,2482.41,31,4.52
2006-06-01,2542.22,2443.72,2634.06,2486.07,2633.12,30,6.07
2006-07-01,2513.7,2426.00,2579.08,2579.08,2426.00,31,-7.87
2006-08-01,2388.98,2356.49,2436.43,2426.52,2396.63,31,-1.21
2006-09-01,2398.71,2377.18,2420.25,2398.56,2394.31,30,-0.1
2006-10-01,2361.8,2314.76,2403.43,2394.31,2315.38,31,-3.3
2006-11-01,2290.44,2268.47,2320.64,2308.49,2300.42,30,-0.65
2006-12-01,2260.71,2225.44,2295.99,2295.99,2238.79,31,-2.68
2007-01-01,2236.2,2218.05,2261.22,2238.79,2259.72,31,0.93
2007-02-01,2227.57,2211.46,2255.17,2255.17,2224.12,28,-1.58
2007-03-01,2202.84,2155.06,2246.88,2231.94,2190.30,31,-1.52
2007-04-01,2144.9,2110.67,2190.30,2190.30,2110.67,30,-3.64
2007-05-01,2009.42,1914.96,2104.16,2104.16,1930.64,31,-8.53
2007-06-01,1923.53,1877.88,1982.29,1900.09,1960.61,30,1.55
2007-07-01,1951.84,1912.90,1984.10,1960.61,1971.80,31,0.57
2007-08-01,2056.09,1957.58,2173.17,1958.50,2173.17,31,10.21
2007-09-01,2113.37,2009.46,2194.65,2160.99,2023.19,30,-6.9
2007-10-01,2001.09,1963.03,2025.70,2023.19,1999.44,31,-1.17
2007-11-01,2046.36,1987.69,2094.74,1987.69,2060.42,30,3.05
2007-12-01,2013.83,1987.81,2057.40,2043.11,2014.76,31,-2.22
2008-01-01,1983.18,1939.60,2014.76,2014.76,1939.60,31,-3.73
2008-02-01,1905.29,1843.59,1939.77,1939.77,1843.59,29,-4.95
2008-03-01,1843.49,1810.68,1902.17,1845.17,1821.60,31,-1.19
2008-04-01,1795.1,1765.30,1834.96,1834.96,1780.21,30,-2.27
2008-05-01,1775.16,1744.01,1793.13,1767.27,1744.01,31,-2.03
2008-06-01,1732.29,1652.41,1923.02,1744.01,1923.02,30,10.26
2008-07-01,1781.05,1719.48,1923.02,1923.02,1792.24,31,-6.8
2008-08-01,1847.48,1771.31,1932.20,1800.54,1932.20,31,7.81
2008-09-01,2066.19,1932.20,2187.01,1932.20,2174.62,30,12.55
2008-10-01,2288.86,2160.08,2386.48,2184.76,2359.52,31,8.5
2008-11-01,2333.66,2281.24,2392.28,2392.28,2318.00,30,-1.76
2008-12-01,2251.51,2163.14,2333.54,2318.00,2243.59,31,-3.21
2009-01-01,2253.51,2197.72,2420.26,2243.59,2420.26,31,7.87
2009-02-01,2512.34,2420.26,2596.37,2420.26,2555.89,28,5.6
2009-03-01,2469.63,2335.29,2590.97,2555.89,2561.21,31,0.21
2009-04-01,2374.61,2283.20,2544.24,2544.24,2289.73,30,-10.6
2009-05-01,2227.32,2140.66,2288.64,2288.64,2140.66,31,-6.51
2009-06-01,2089.46,2014.91,2188.50,2140.66,2158.67,30,0.84
2009-07-01,2049.24,1953.12,2145.21,2145.21,2043.37,31,-5.34
2009-08-01,2017.62,1987.84,2050.45,2040.95,2035.00,31,-0.41
2009-09-01,1978.03,1911.66,2068.96,2057.81,1922.00,30,-5.55
2009-10-01,1901.4,1825.68,2006.18,1925.49,1993.80,31,3.74
2009-11-01,1976.88,1953.45,2008.72,1993.80,1997.47,30,0.18
2009-12-01,2018.01,1989.94,2054.10,1998.45,2044.23,31,2.34
2010-01-01,1983.43,1957.82,2044.23,2044.23,1982.29,31,-3.03
2010-02-01,1951.72,1914.87,2003.76,1982.29,1932.32,28,-2.52
2010-03-01,1908.99,1888.05,1934.21,1932.32,1928.59,31,-0.19
2010-04-01,1937.45,1911.07,1973.05,1921.88,1969.75,30,2.13
2010-05-01,1983.59,1950.44,2029.54,1950.44,1971.55,31,0.09
2010-06-01,1926.85,1886.05,1971.55,1971.55,1916.46,30,-2.79
2010-07-01,1874.41,1841.35,1913.15,1913.15,1842.79,31,-3.84
2010-08-01,1821.2,1806.93,1842.79,1842.79,1823.74,31,-1.03
2010-09-01,1805.77,1788.05,1826.31,1826.31,1799.89,30,-1.31
2010-10-01,1808.61,1786.20,1846.41,1801.01,1831.64,31,1.76
2010-11-01,1862.99,1817.70,1916.96,1831.64,1916.96,30,4.66
2010-12-01,1922.33,1880.82,2027.33,1932.63,1913.98,31,-0.16
2011-01-01,1867.08,1838.94,1913.98,1913.98,1857.98,31,-2.93
2011-02-01,1882.37,1852.67,1907.69,1867.82,1895.56,28,2.02
2011-03-01,1881.81,1865.11,1916.05,1907.37,1879.47,31,-0.85
2011-04-01,1809.83,1767.54,1870.60,1870.60,1768.19,30,-5.92
2011-05-01,1800.51,1763.12,1831.58,1768.19,1817.34,31,2.78
2011-06-01,1783.16,1769.83,1797.83,1797.83,1780.16,30,-2.05
2011-07-01,1761.59,1748.41,1777.82,1772.32,1777.82,31,-0.13
2011-08-01,1785.56,1765.53,1811.68,1777.82,1783.66,31,0.33
2011-09-01,1833.32,1778.51,1915.63,1780.26,1915.10,30,7.37
2011-10-01,1907.61,1862.84,1972.76,1929.01,1863.06,31,-2.72
2011-11-01,1919.48,1871.49,1967.18,1871.49,1967.18,30,5.59
2011-12-01,1933.35,1920.16,1949.56,1948.51,1942.70,31,-1.24
2012-01-01,1853.28,1801.88,1942.70,1942.70,1815.08,31,-6.57
2012-02-01,1782.75,1767.83,1805.98,1805.98,1767.83,29,-2.6
2012-03-01,1766.33,1758.03,1792.07,1766.85,1792.07,31,1.37
2012-04-01,1774.25,1761.20,1793.30,1792.07,1761.20,30,-1.72
2012-05-01,1793.28,1754.89,1845.17,1764.00,1827.83,31,3.78
2012-06-01,1792.55,1766.91,1834.71,1833.80,1784.60,30,-2.37
2012-07-01,1783.82,1771.53,1799.48,1784.60,1789.02,31,0.25
2012-08-01,1805.52,1785.29,1833.14,1790.74,1830.50,31,2.32
2012-09-01,1802.75,1789.54,1825.21,1825.21,1800.52,30,-1.64
2012-10-01,1804.4,1795.40,1830.45,1800.52,1829.89,31,1.63
2012-11-01,1821.01,1814.21,1831.25,1831.25,1817.93,30,-0.65
2012-12-01,1792.49,1768.23,1813.73,1813.72,1768.23,31,-2.73
2013-01-01,1769.67,1758.45,1779.84,1768.23,1773.24,31,0.28
2013-02-01,1790.55,1775.65,1818.54,1775.65,1816.42,28,2.44
2013-03-01,1813.75,1797.28,1832.20,1814.28,1832.20,31,0.87
2013-04-01,1830.23,1813.11,1847.02,1832.20,1828.79,30,-0.19
2013-05-01,1847.92,1825.83,1897.10,1825.83,1891.48,31,3.43
2013-06-01,1909.85,1882.38,1942.97,1907.76,1929.00,30,1.98
2013-07-01,1901.54,1873.25,1929.00,1929.00,1890.33,31,-2.0
2013-08-01,1902.1,1868.90,1943.04,1896.15,1935.43,31,2.39
2013-09-01,1919.51,1887.30,1952.11,1935.43,1914.65,30,-1.07
2013-10-01,1885.13,1879.46,1908.29,1908.29,1884.06,31,-1.6
2013-11-01,1921.75,1889.16,1932.77,1889.16,1931.88,30,2.54
2013-12-01,1932.96,1921.22,1948.48,1931.88,1926.83,31,-0.26
2014-01-01,1957.29,1924.79,2013.17,1926.83,2008.26,31,4.23
2014-02-01,2038.49,2021.10,2054.90,2021.10,2054.90,28,2.32
2014-03-01,2019.71,1965.32,2052.51,2046.75,1965.32,31,-4.36
2014-04-01,1938.36,1920.93,1969.45,1969.45,1935.14,30,-1.54
2014-05-01,1915.36,1900.64,1933.46,1933.46,1900.64,31,-1.78
2014-06-01,1887.04,1877.18,1900.64,1900.64,1881.19,30,-1.02
2014-07-01,1857.64,1846.12,1881.19,1881.19,1872.43,31,-0.47
2014-08-01,1898.13,1873.65,1935.04,1878.75,1918.62,31,2.47
2014-09-01,1973.72,1918.62,2028.48,1918.62,2028.48,30,5.73
2014-10-01,2048.57,2021.49,2074.40,2022.00,2050.52,31,1.09
2014-11-01,2128.68,2061.92,2206.19,2061.92,2206.19,30,7.59
2014-12-01,2342.25,2206.19,2446.35,2206.19,2392.46,31,8.44
2015-01-01,2397.26,2361.54,2452.11,2392.46,2441.10,31,2.03
2015-02-01,2420.67,2371.31,2500.59,2441.10,2496.99,28,2.29
2015-03-01,2585.36,2496.99,2677.97,2496.99,2576.05,31,3.17
2015-04-01,2505.25,2388.06,2598.36,2598.36,2388.06,30,-7.3
2015-05-01,2437.54,2360.58,2549.97,2393.58,2533.79,31,6.1
2015-06-01,2562.48,2523.00,2623.66,2533.79,2585.11,30,2.03
2015-07-01,2732.04,2598.68,2866.04,2598.68,2866.04,31,10.87
2015-08-01,3012.59,2862.51,3238.51,2862.51,3101.10,31,8.2
2015-09-01,3066.41,2975.13,3142.34,3079.97,3121.94,30,0.67
2015-10-01,2929.47,2855.74,3086.75,3086.75,2897.83,31,-7.18
2015-11-01,3001.38,2819.63,3108.70,2897.83,3101.10,30,7.01
2015-12-01,3244.2,3131.95,3356.00,3142.11,3149.47,31,1.56
2016-01-01,3270.2,3149.47,3375.80,3149.47,3287.31,31,4.38
2016-02-01,3354.96,3287.31,3434.89,3287.31,3306.00,29,0.57
2016-03-01,3128.79,3022.35,3319.80,3319.80,3022.35,31,-8.58
2016-04-01,2997.73,2851.14,3109.60,3000.63,2851.14,30,-5.66
2016-05-01,2993.51,2833.78,3069.17,2851.14,3069.17,31,7.65
2016-06-01,2992.86,2897.53,3117.83,3089.65,2916.15,30,-4.99
2016-07-01,2961.0,2911.91,3091.78,2919.01,3081.75,31,5.68
2016-08-01,2952.77,2867.37,3110.43,3081.75,2933.82,31,-4.8
2016-09-01,2924.27,2840.38,2986.36,2956.53,2879.95,30,-1.84
2016-10-01,2929.39,2880.08,2967.66,2880.08,2967.66,31,3.05
2016-11-01,3110.26,2984.78,3187.97,2998.55,3165.09,30,6.65
2016-12-01,3009.86,2964.56,3085.60,3085.60,3000.71,31,-5.19
2017-01-01,2941.4,2908.53,3000.71,3000.71,2936.66,31,-2.13
2017-02-01,2879.57,2851.98,2921.90,2921.90,2896.27,28,-1.38
2017-03-01,2942.29,2880.24,3004.43,2919.17,2880.24,31,-0.55
2017-04-01,2877.82,2837.90,2947.85,2885.57,2947.85,30,2.35
2017-05-01,2923.61,2873.22,2967.44,2947.85,2920.42,31,-0.93
2017-06-01,2957.1,2893.76,3053.90,2921.00,3038.26,30,4.04
2017-07-01,3036.58,2995.23,3092.65,3050.43,2995.23,31,-1.42
2017-08-01,2973.2,2933.96,3011.14,2997.59,2937.09,31,-1.94
2017-09-01,2917.09,2893.18,2948.09,2948.09,2936.67,30,-0.01
2017-10-01,2953.76,2921.92,3011.44,2936.67,3011.44,31,2.55
2017-11-01,3013.47,2976.39,3055.57,3039.19,3006.09,30,-0.18
2017-12-01,2991.76,2962.14,3029.75,3006.04,2984.00,31,-0.73
2018-01-01,2868.57,2783.13,2984.00,2984.00,2844.14,31,-4.69
2018-02-01,2860.25,2806.67,2908.70,2835.05,2855.93,28,0.41
2018-03-01,2847.93,2780.04,2879.15,2867.94,2780.47,31,-2.64
2018-04-01,2766.29,2705.34,2820.29,2780.47,2806.28,30,0.93
2018-05-01,2861.83,2809.92,2925.67,2809.92,2879.32,31,2.6
2018-06-01,2889.69,2828.42,2945.09,2889.32,2930.80,30,1.79
2018-07-01,2885.32,2861.70,2930.80,2930.80,2875.72,31,-1.88
2018-08-01,2958.67,2886.80,3046.76,2886.80,3027.39,31,5.27
2018-09-01,3033.77,2972.18,3100.37,3053.14,2972.18,30,-1.82
2018-10-01,3084.83,2972.18,3202.44,2972.18,3202.44,31,7.75
2018-11-01,3194.03,3140.25,3274.47,3219.85,3240.02,30,1.17
2018-12-01,3218.55,3153.29,3289.69,3235.27,3249.75,31,0.3
2019-01-01,3165.19,3120.56,3250.01,3249.75,3163.46,31,-2.66
2019-02-01,3115.84,3072.01,3155.27,3115.70,3072.01,28,-2.89
2019-03-01,3128.68,3077.35,3190.94,3077.35,3174.79,31,3.35
2019-04-01,3155.77,3095.66,3247.72,3174.79,3247.72,30,2.3
2019-05-01,3304.49,3233.97,3375.29,3233.97,3357.82,31,3.39
2019-06-01,3260.52,3177.94,3377.16,3377.16,3205.67,30,-4.53
2019-07-01,3206.6,3169.51,3296.85,3205.67,3296.85,31,2.84
2019-08-01,3410.73,3291.79,3477.53,3291.79,3427.29,31,3.96
2019-09-01,3399.46,3356.15,3462.01,3427.29,3462.01,30,1.01
2019-10-01,3433.31,3380.90,3497.34,3477.45,3389.94,31,-2.08
2019-11-01,3401.47,3318.47,3522.48,3383.29,3522.48,30,3.91
2019-12-01,3378.05,3277.14,3522.48,3522.48,3277.14,31,-6.96
2020-01-01,3311.19,3253.89,3411.45,3277.14,3411.45,31,4.1
2020-02-01,3411.05,3355.44,3539.86,3423.24,3539.86,29,3.76
2020-03-01,3877.05,3455.56,4153.91,3539.86,4064.81,31,14.83
2020-04-01,3977.39,3858.21,4081.06,4054.54,3983.29,30,-2.01
2020-05-01,3858.19,3718.82,3990.10,3932.72,3718.82,31,-6.64
2020-06-01,3701.6,3565.06,3760.22,3718.82,3758.91,30,1.08
2020-07-01,3657.87,3611.61,3756.28,3756.28,3739.49,31,-0.52
2020-08-01,3783.03,3733.08,3867.32,3733.08,3760.38,31,0.56
2020-09-01,3750.22,3653.23,3878.94,3745.41,3878.94,30,3.15
2020-10-01,3833.79,3776.73,3881.80,3865.47,3858.56,31,-0.53
2020-11-01,3685.63,3611.44,3858.56,3858.56,3611.44,30,-6.4
2020-12-01,3466.13,3410.82,3591.84,3591.84,3432.50,31,-4.95
2021-01-01,3491.32,3420.78,3636.91,3432.50,3559.46,31,3.7
2021-02-01,3554.5,3515.65,3624.39,3559.46,3624.39,28,1.82
2021-03-01,3612.77,3534.62,3736.91,3624.39,3736.91,31,3.1
2021-04-01,3650.78,3595.57,3717.46,3678.62,3712.89,30,-0.64
2021-05-01,3735.67,3655.74,3846.28,3740.14,3715.28,31,0.06
2021-06-01,3685.04,3588.41,3784.45,3715.28,3756.67,30,1.11
2021-07-01,3829.42,3748.50,3918.49,3748.50,3867.88,31,2.96
2021-08-01,3881.18,3806.87,3988.27,3867.88,3806.87,31,-1.58
2021-09-01,3821.54,3753.30,3851.22,3774.00,3834.68,30,0.73
2021-10-01,3773.38,3725.75,3812.77,3812.77,3784.44,31,-1.31
2021-11-01,3902.9,3778.69,4010.98,3784.44,4010.98,30,5.99
2021-12-01,3963.13,3886.87,4023.68,4004.54,3981.16,31,-0.74
2022-01-01,3999.62,3944.04,4084.11,3981.16,3982.60,31,0.04
2022-02-01,3935.84,3910.64,3965.41,3942.73,3910.64,28,-1.81
2022-03-01,3807.17,3746.43,3910.28,3910.28,3748.15,31,-4.16
2022-04-01,3792.98,3706.95,3984.77,3756.03,3966.27,30,5.82
2022-05-01,4019.08,3912.34,4110.53,3966.27,3912.34,31,-1.36
2022-06-01,3930.77,3771.63,4129.87,3776.52,4127.47,30,5.5
2022-07-01,4367.81,4151.21,4627.46,4151.21,4300.30,31,4.19
2022-08-01,4322.47,4185.49,4413.86,4300.30,4400.16,31,2.32
2022-09-01,4433.65,4346.91,4556.42,4422.77,4532.07,30,3.0
2022-10-01,4711.83,4484.74,4968.94,4590.54,4819.42,31,6.34
2022-11-01,4926.66,4801.06,5061.21,4898.74,4809.51,30,-0.21
2022-12-01,4788.49,4745.04,4836.24,4815.59,4810.20,31,0.01
2023-01-01,4715.2,4531.75,4989.58,4810.20,4632.20,31,-3.7
2023-02-01,4803.11,4584.44,4966.33,4648.70,4808.14,28,3.8
2023-03-01,4766.31,4627.27,4866.50,4814.11,4627.27,31,-3.76
2023-04-01,4542.67,4424.02,4669.00,4646.08,4669.00,30,0.9
2023-05-01,4540.09,4408.65,4713.08,4669.00,4408.65,31,-5.58
2023-06-01,4209.27,4114.39,4434.09,4434.09,4191.28,30,-4.93
2023-07-01,4069.23,3923.49,4195.93,4177.58,3923.49,31,-6.39
2023-08-01,4070.73,3898.48,4144.79,3898.48,4085.33,31,4.12
2023-09-01,4004.52,3902.54,4099.20,4099.20,4053.76,30,-0.77
2023-10-01,4222.43,4053.76,4386.66,4053.76,4060.83,31,0.17
2023-11-01,4038.8,3957.77,4117.71,4114.29,3980.67,30,-1.97
2023-12-01,3948.21,3822.05,4045.22,4045.22,3822.05,31,-3.98
2024-01-01,3915.2,3822.05,3969.50,3822.05,3925.60,31,2.71
2024-02-01,3931.44,3889.05,3975.74,3915.56,3933.56,29,0.2
2024-03-01,3899.34,3842.30,3948.67,3931.31,3842.30,31,-2.32
2024-04-01,3867.98,3763.43,3964.59,3842.30,3873.44,30,0.81
2024-05-01,3869.1,3814.94,3902.63,3899.07,3874.32,31,0.02
2024-06-01,4042.8,3860.92,4175.96,3860.92,4148.04,30,7.06
2024-07-01,4036.92,3944.97,4148.04,4148.04,4089.05,31,-1.42
2024-08-01,4065.55,4011.37,4184.30,4060.34,4160.31,31,1.74
2024-09-01,4182.51,4139.43,4285.61,4160.31,4164.21,30,0.09
2024-10-01,4249.47,4173.66,4413.46,4178.30,4413.46,31,5.99
2024-11-01,4408.65,4344.55,4478.21,4409.57,4419.59,30,0.14
2024-12-01,4385.15,4324.19,4462.97,4419.59,4409.15,31,-0.24
2025-01-01,4307.57,4170.01,4410.50,4409.15,4170.01,31,-5.42
2025-02-01,4127.95,4073.56,4198.66,4183.93,4120.11,28,-1.2
2025-03-01,4137.68,4076.70,4192.57,4134.04,4192.57,31,1.76
2025-04-01,4280.26,4130.01,4416.69,4191.79,4198.83,30,0.15
2025-05-01,4203.38,4106.79,4306.79,4222.25,4148.72,31,-1.19
2025-06-01,4113.48,4042.87,4190.90,4148.72,4069.67,30,-1.91
2025-07-01,4040.85,3974.37,4179.69,4069.67,4179.69,31,2.7
2025-08-01,4047.41,4008.70,4186.71,4186.71,4018.41,31,-3.86
2025-09-01,3922.21,3844.47,4018.41,4018.41,3901.29,30,-2.91
2025-10-01,3877.84,3808.12,3933.31,3923.55,3870.42,31,-0.79
2025-11-01,3786.18,3716.73,3872.47,3860.12,3744.43,30,-3.26
2025-12-01,3791.47,3706.94,3874.71,3744.43,3757.08,31,0.34
2026-01-01,3703.0,3630.33,3790.77,3757.08,3670.47,31,-2.31
2026-02-01,3675.64,3622.00,3766.30,3670.47,3766.30,28,2.61
2026-03-01,3717.56,3668.89,3797.64,3766.30,3669.96,31,-2.56
2026-04-01,3617.52,3551.17,3678.19,3660.10,3621.86,30,-1.31
2026-05-01,3714.02,3631.57,3796.87,3637.51,3678.15,31,1.55
2026-06-01,3500.98,3406.14,3678.15,3678.15,3443.59,30,-6.38
2026-07-01,3268.95,3132.42,3440.83,3440.83,3132.42,31,-9.04
2026-08-01,3130.87,3048.12,3230.44,3144.14,3202.79,31,2.25
2026-09-01,3179.78,3072.27,3349.63,3213.97,3341.23,30,4.32
2026-10-01,3258.27,3209.78,3312.84,3312.84,3218.75,9,-3.67
